{
  "device": "cuda",
  "standard": {
    "test": {
      "loss": 0.38966133626302085,
      "acc": 0.8486666666666667
    },
    "mia": {
      "mia_threshold_acc": 0.5106666666666667,
      "mia_learned_acc": 0.512,
      "mia_learned_auc": 0.5150976666666667
    }
  },
  "pgd_trained": {
    "test": {
      "loss": 0.5959257926940918,
      "acc": 0.7836666666666666
    },
    "mia": {
      "mia_threshold_acc": 0.5051666666666667,
      "mia_learned_acc": 0.5023333333333333,
      "mia_learned_auc": 0.49995000000000006
    }
  },
  "dp_trained": {
    "test": {
      "loss": 0.6534463469187418,
      "acc": 0.762
    },
    "mia": {
      "mia_threshold_acc": 0.503,
      "mia_learned_acc": 0.51,
      "mia_learned_auc": 0.5100881111111111
    }
  },
  "robustness": {
    "fgsm": {
      "0.1": {
        "standard": 0.17733333333333334,
        "pgd-train": 0.6903333333333334,
        "dp-train": 0.27266666666666667
      },
      "0.2": {
        "standard": 0.036333333333333336,
        "pgd-train": 0.616,
        "dp-train": 0.035
      },
      "0.3": {
        "standard": 0.0003333333333333333,
        "pgd-train": 0.49333333333333335,
        "dp-train": 0.0003333333333333333
      }
    },
    "pgd": {
      "0.1": {
        "standard": 0.10933333333333334,
        "pgd-train": 0.6793333333333333,
        "dp-train": 0.24966666666666668
      },
      "0.2": {
        "standard": 0.015,
        "pgd-train": 0.5486666666666666,
        "dp-train": 0.017
      },
      "0.3": {
        "standard": 0.0,
        "pgd-train": 0.069,
        "dp-train": 0.0
      }
    }
  },
  "cvae": {
    "epochs": 6,
    "recon_gap_out_minus_in": 5.825795233249664e-05,
    "loss_curve": {
      "loss": [
        357.8889298502604,
        281.3933909505208,
        266.3537666015625,
        260.6900478108724,
        256.44831990559896,
        253.50413671875
      ],
      "bce": [
        351.0172384440104,
        269.6384228922526,
        253.8074853515625,
        248.57904256184895,
        244.74562162272136,
        241.94932958984376
      ],
      "kl": [
        6.87169112543265,
        11.754966715494792,
        12.54628113301595,
        12.111006085713704,
        11.70269839477539,
        11.554806396484375
      ]
    }
  },
  "gmm": {
    "gmm_test_acc": 0.786
  },
  "notes": {
    "dp_warning": "DP-SGD here is minimal and has no epsilon/delta accounting; use it to study leakage trends.",
    "quick_mode": true
  }
}